<?xml version="1.0" encoding="UTF-8"?>
<!DOCTYPE mapper
PUBLIC "-//mybatis.org//DTD Mapper 3.0//EN"
"http://mybatis.org/dtd/mybatis-3-mapper.dtd" >

<mapper namespace="www.silver.dao.IF_boardao">	



	<!-- parameter type은 쿼리문의 ?부분의 정보 -->
	
	<insert id="addWriteOne" parameterType="www.silver.vo.boardVO">
		insert into wboard values(numberoo.NEXTVAL,#{type},#{username},#{pass},#{title},#{content},#{viewone},SYSDATE)		
	</insert>
	
	<!-- 전체보기 커리, 페이징 추가 -->
	<select id="listall" resultType="www.silver.vo.boardVO">
		
		select t.* from(
			select sub.*, rownum as rnum from(
				select * from wboard order by indate DESC
			)sub	
		) t
		where rnum between #{startNo} and #{endNo}
	</select>
	
	<delete id="deleteOne" parameterType="int">
		delete from wboard where numbero=#{delno}
	</delete>
	
	<select id="selectOne" parameterType="int" resultType="www.silver.vo.boardVO">
		select * from wboard where numbero=#{delno}		
	</select>
	
	<update id="updateOne" parameterType="www.silver.vo.boardVO">
			
			update wboard set type=#{type}, username=#{username}, pass=#{pass}, title=#{title}, content=#{content},viewone=#{viewone}
			where numbero=#{numbero}
				
	</update>
	<!-- 페이징을 위한 모든 튜플 카운트 -->
	<select id="allcnt" resultType="int">
		select count(*) from wboard
	</select>
	
	 
	
</mapper>
