<?xml version="1.0" encoding="UTF-8"?>
<beans:beans xmlns="http://www.springframework.org/schema/mvc"
	xmlns:xsi="http://www.w3.org/2001/XMLSchema-instance"
	xmlns:beans="http://www.springframework.org/schema/beans"
	xmlns:context="http://www.springframework.org/schema/context"
	xsi:schemaLocation="http://www.springframework.org/schema/mvc https://www.springframework.org/schema/mvc/spring-mvc.xsd
		http://www.springframework.org/schema/beans https://www.springframework.org/schema/beans/spring-beans.xsd
		http://www.springframework.org/schema/context https://www.springframework.org/schema/context/spring-context.xsd">

	<!-- DispatcherServlet Context: defines this servlet's request-processing infrastructure -->
	
	<!-- Enables the Spring MVC @Controller programming model -->
	<annotation-driven />

	<!-- Handles HTTP GET requests for /resources/** by efficiently serving up static resources in the ${webappRoot}/resources directory -->
	<resources mapping="/resources/**" location="/resources/" />
	<!-- mapping: url         ,      location: 위치 -->

	<!-- Resolves views selected for rendering by @Controllers to .jsp resources in the /WEB-INF/views directory -->
	<beans:bean class="org.springframework.web.servlet.view.InternalResourceViewResolver">
		<beans:property name="prefix" value="/WEB-INF/views/" /> <!-- views의 위치값 -->
		<beans:property name="suffix" value=".jsp" />
	</beans:bean>
	
	<beans:bean class="org.springframework.web.multipart.commons.CommonsMultipartResolver" id ="multipartResolver">
		<beans:property name="maxUploadSize" value="10485760"></beans:property> <!--  10메가 제한 설정-->	
	</beans:bean>
	<beans:bean class="java.lang.String"
	id="uploadPath">
		<beans:constructor-arg value="c:\\tmp"></beans:constructor-arg>
	</beans:bean>
	
	
	
	<context:component-scan base-package="www.silver.hom" />
	<context:component-scan base-package="www.silver.util" />
	<!--   <context:component-scan base-package="www.silver.util" /> -->
	<!--context:component-scan base-package는 @어노테이션 하면
		// 그 패키지이름 자바파일 스캔해서 그 어노테이션 성격에 따라서 객체를 만들어준다 
		어노테이션 달아놓으면 컴파일 단계에서 객체 만들어서 처리해준다.
		스프링에서 객체를 인식할수 있게 scan을 때린다.-->
	
	<!-- 스프링 환경설정
	 여기서 bean은 객체라고 생각하면 된다. -->
	
	
</beans:beans>
