<?xml version="1.0" encoding="UTF-8"?>
<beans:beans xmlns="http://www.springframework.org/schema/mvc"
	xmlns:xsi="http://www.w3.org/2001/XMLSchema-instance"
	xmlns:beans="http://www.springframework.org/schema/beans"
	xmlns:context="http://www.springframework.org/schema/context"
	xsi:schemaLocation="http://www.springframework.org/schema/mvc https://www.springframework.org/schema/mvc/spring-mvc.xsd
		http://www.springframework.org/schema/beans https://www.springframework.org/schema/beans/spring-beans.xsd
		http://www.springframework.org/schema/context https://www.springframework.org/schema/context/spring-context.xsd">

	<!-- DispatcherServlet Context: defines this servlet's request-processing infrastructure -->
	
	<!-- Enables the Spring MVC @Controller programming model -->
	<annotation-driven />

	<!-- Handles HTTP GET requests for /resources/** by efficiently serving up static resources in the ${webappRoot}/resources directory -->
	<resources mapping="/resources/**" location="/resources/" />

	<!-- Resolves views selected for rendering by @Controllers to .jsp resources in the /WEB-INF/views directory -->
	<beans:bean class="org.springframework.web.servlet.view.InternalResourceViewResolver">
		<beans:property name="prefix" value="/WEB-INF/views/" />
		<beans:property name="suffix" value=".jsp" />
	</beans:bean>
	
	<beans:bean class="org.springframework.web.multipart.commons.CommonsMultipartResolver" id ="multipartResolver">
		<beans:property name="maxUploadSize" value="10485760"></beans:property> <!--  10메가 제한 설정-->	
	</beans:bean>
	<beans:bean class="java.lang.String"
	id="uploadPath">
		<beans:constructor-arg value="c:\\tmp"></beans:constructor-arg>
	</beans:bean>
	
	<beans:bean id="authenInterceptor"
	class="www.silver.interceptor.AuthenticationInterceptor"></beans:bean>
	
	<interceptors>
		<interceptor>
			<mapping path="/**" />
			<exclude-mapping path="/" />
			<exclude-mapping path="/resources**" />
			<exclude-mapping path="/board" />
			<exclude-mapping path="/login" />
			<exclude-mapping path="/join" />
			<beans:ref bean="authenInterceptor"	/>			
		</interceptor>
	</interceptors>
	
	<context:component-scan base-package="www.silver.hom" />
	<context:component-scan base-package="www.silver.util" />
	
	
	
</beans:beans>
